House,Full_House,Seat,Region,Words,Characters,Characters inc maiden names,Alive,Dead,Unknown,Historical
Algood,Algood,,Westerlands,,0,0,0,0,0,0
,,,,,,,,,,
Allyrion,Allyrion of Godsgrace,Godsgrace,Dorne,No Foe May Pass,2,2,2,0,0,0
,,,,,,,,,,
Amber,Amber,,North,,0,0,0,0,0,0
,,,,,,,,,,
Ambrose,Ambrose,,Reach,Never Resting,6,6,4,0,0,2
,,,,,,,,,,
Andrik,Andrik of Southshield,Southshield,Iron Islands (Shield Islands),,0,0,0,0,0,0
,,,,,,,,,,
Appleton,Appleton of Appleton,Appleton,Reach,,0,0,0,0,0,0
,,,,,,,,,,
Arryn,Arryn of the Eyrie,Eyrie,Vale of Arryn,As High as Honor,17,18,0,12,0,5
,,,,,,,,,,
Ashford,Ashford of Ashford,Ashford,Reach,Our Sun Shines Bright,4,4,0,0,0,4
,,,,,,,,,,
Ashwood,Ashwood,,North,,0,0,0,0,0,0
,,,,,,,,,,
Baelish,Baelish of the Fingers,Drearfort,Vale of Arryn,,1,1,1,0,0,0
,,,,,,,,,,
Ball,Ball,,Reach,,2,2,0,0,0,2
,,,,,,,,,,
Banefort,Banefort of Banefort,Banefort,Westerlands,,1,1,1,0,0,0
,,,,,,,,,,
Bar Emmon,Bar Emmon of Sharp Point,Sharp Point,Crownlands (Dragonstone),,2,2,1,0,0,1
,,,,,,,,,,
Baratheon,Baratheon of Storm's End,Storm's End,Stormlands,Ours is the Fury,16,17,4,7,1,4
,,,,,,,,,,
Beesbury,Beesbury of Honeyholt,Honeyholt,Reach,Beware Our Sting,8,10,4,1,0,3
,,,,,,,,,,
Belgrave,Belgrave,,Unknown,,1,1,0,1,0,0
,,,,,,,,,,
Belmore,Belmore of Strongsong,Strongsong,Vale of Arryn,,2,2,2,0,0,0
,,,,,,,,,,
Bettley,Bettley,,Westerlands,,1,1,1,0,0,0
,,,,,,,,,,
Bigglestone,Bigglestone,,Riverlands,,1,1,0,0,0,1
,,,,,,,,,,
Blackbar,Blackbar of Bandallon,Bandallon,Reach,,2,2,2,0,0,0
,,,,,,,,,,
Blackberry,Blackberry,,Unknown,,2,2,1,1,0,0
,,,,,,,,,,
Blackfyre,Blackfyre,,Crownlands,,4,4,0,2,0,2
,,,,,,,,,,
Blackmont,Blackmont of Blackmont,Blackmont,Dorne,,3,3,3,0,0,0
,,,,,,,,,,
Blackmyre,Blackmyre,,North (Crannogmen),,0,0,0,0,0,0
,,,,,,,,,,
Blacktyde,Blacktyde of Blacktyde,Blacktyde Castle,Iron Islands,,3,3,2,1,0,0
,,,,,,,,,,
Blackwood,Blackwood of Raventree Hall,Raventree Hall,Riverlands; North (formerly),,14,15,6,4,0,4
,,,,,,,,,,
Blanetree,Blanetree,,Riverlands,,0,1,0,0,0,0
,,,,,,,,,,
Blount,Blount,,Crownlands,,1,1,1,0,0,0
,,,,,,,,,,
Boggs,Boggs,,Crownlands (Crackclaw Point),,1,1,0,0,0,1
,,,,,,,,,,
Bole,Bole,,North (Wolfswood Clans),,0,0,0,0,0,0
,,,,,,,,,,
Bolling,Bolling,,Stormlands,,1,1,0,1,0,0
,,,,,,,,,,
Bolton,Bolton of the Dreadfort,Dreadfort,North,Our Blades Are Sharp,3,3,1,2,0,0
,,,,,,,,,,
Borrell,Borrell of Sweetsister,Breakwater,Vale of Arryn (Sistermen),,2,2,1,0,0,1
,,,,,,,,,,
Botley,Botley of Lordsport,Lordsport,Iron Islands,,13,13,11,2,0,0
,,,,,,,,,,
Bracken,Bracken of Stone Hedge,Stone Hedge,Riverlands,,11,11,6,2,0,3
,,,,,,,,,,
Branch,Branch,,North (Wolfswood Clans),,1,1,1,0,0,0
,,,,,,,,,,
Brax,Brax of Hornvale,Hornvale,Westerlands,,9,9,6,3,0,0
,,,,,,,,,,
Breakstone,Breakstone,,Vale of Arryn,,0,0,0,0,0,0
,,,,,,,,,,
Briar,Briar,,Dorne,,0,0,0,0,0,0
,,,,,,,,,,
Bridges,Bridges,,Reach,,0,0,0,0,0,0
,,,,,,,,,,
Brightstone,Brightstone,,Vale of Arryn,,0,0,0,0,0,0
,,,,,,,,,,
Brook,Brook,,Dorne,,0,0,0,0,0,0
,,,,,,,,,,
Broom,Broom,,Westerlands,,1,1,1,0,0,0
,,,,,,,,,,
Brownhill,Brownhill,,Dorne,,0,0,0,0,0,0
,,,,,,,,,,
Brune,Brune of Brownhollow,Brownhollow,Crownlands (Crackclaw Point),,3,3,3,0,0,0
,,,,,,,,,,
Buckler,Buckler of Bronzegate,Bronzegate,Stormlands,,2,2,2,0,0,0
,,,,,,,,,,
Buckwell,Buckwell of the Antlers,Antlers,Crownlands,Pride and Purpose,1,1,0,1,0,0
,,,,,,,,,,
Bulwer,Bulwer of Blackcrown,Blackcrown,Reach,Death Before Disgrace,4,4,2,2,0,0
,,,,,,,,,,
Burley,Burley,,North (Mountain Clans),,1,1,0,0,0,1
,,,,,,,,,,
Bushy,Bushy,,Reach,,1,1,0,1,0,0
,,,,,,,,,,
Butterwell,Butterwell of Whitewalls,Whitewalls,Riverlands,,2,2,0,1,0,1
,,,,,,,,,,
Byrch,Byrch,,Crownlands,,2,2,0,1,0,1
,,,,,,,,,,
Bywater,Bywater,,Crownlands,,1,1,0,1,0,0
,,,,,,,,,,
Cafferen,Cafferen of Fawnton,Fawnton,Stormlands,,1,1,0,1,0,0
,,,,,,,,,,
Cargyll,Cargyll,,Crownlands,,2,2,0,2,0,0
,,,,,,,,,,
Caron,Caron of Nightsong,Nightsong,Stormlands (Marcher Lords),No Song So Sweet,2,3,0,1,0,1
,,,,,,,,,,
Cassel,Cassel,,North,,4,4,1,3,0,0
,,,,,,,,,,
Casterly,Casterly of Casterly Rock,Casterly Rock,Westerlands,,0,0,0,0,0,0
,,,,,,,,,,
Caswell,Caswell of Bitterbridge,Bitterbridge,Reach,,5,5,1,1,0,3
,,,,,,,,,,
Cave,Cave,,Crownlands (Crackclaw Point),,0,0,0,0,0,0
,,,,,,,,,,
Celtigar,Celtigar of Claw Isle,Claw Isle,Crownlands (Dragonstone),,2,2,1,0,0,1
,,,,,,,,,,
Cerwyn,Cerwyn of Cerwyn Castle,Castle Cerwyn,North,Honed and Ready,3,3,1,2,0,0
,,,,,,,,,,
Chambers,Chambers,,Riverlands,,1,1,0,0,0,1
,,,,,,,,,,
Charlton,Charlton,,Riverlands,,2,2,0,1,0,1
,,,,,,,,,,
Chelsted,Chelsted,,Crownlands,,1,1,0,1,0,0
,,,,,,,,,,
Chester,Chester of Greenshield,Greenshield,Reach (Shield Islands),,1,1,1,0,0,0
,,,,,,,,,,
Chyttering,Chyttering,,Crownlands,,1,1,1,0,0,0
,,,,,,,,,,
Clegane,Clegane of Clegane's Keep,Clegane's Keep,Westerlands,,2,2,0,1,1,0
,,,,,,,,,,
Clifton,Clifton,,Westerlands,,4,4,4,0,0,0
,,,,,,,,,,
Cockshaw,Cockshaw,,Reach,,1,1,0,0,0,1
,,,,,,,,,,
Codd,Codd,,Iron Islands,Though All Men Do Despise Us,4,4,3,1,0,0
,,,,,,,,,,
Coldwater,Coldwater of Coldwater Burn,Coldwater Burn,Vale of Arryn,,1,1,1,0,0,0
,,,,,,,,,,
Cole,Cole,,Stormlands,,3,3,2,1,0,0
,,,,,,,,,,
Condon,Condon,,North,,1,1,1,0,0,0
,,,,,,,,,,
Conklyn,Conklyn,,Reach,,0,0,0,0,0,0
,,,,,,,,,,
Connington,Connington of Griffin's Roost,Griffin's Roost,Stormlands,,7,7,4,3,0,0
,,,,,,,,,,
Corbray,Corbray of Heart's Home,Heart's Home,Vale of Arryn,,4,4,3,0,0,1
,,,,,,,,,,
Cordwayner,Cordwayner of Hammerhal,Hammerhal,Reach,,0,0,0,0,0,0
,,,,,,,,,,
Costayne,Costayne of the Three Towers,Three Towers,Reach,,5,5,2,1,0,2
,,,,,,,,,,
Cox,Cox of Saltpans,Saltpans,Riverlands,,1,1,1,0,0,0
,,,,,,,,,,
Crabb,Crabb of the Whispers,Whispers,Crownlands (Crackclaw Point),,6,6,1,3,0,1
,,,,,,,,,,
Crakehall,Crakehall of Crakehall,Crakehall,Westerlands,None so Fierce,8,11,4,2,0,2
,,,,,,,,,,
Crane,Crane of Red Lake,Red Lake,Reach,,5,6,5,0,0,0
,,,,,,,,,,
Cray,Cray,,North (Crannogmen),,0,0,0,0,0,0
,,,,,,,,,,
Cressey,Cressey,,Crownlands,,0,0,0,0,0,0
,,,,,,,,,,
Crowl,Crowl of Deepdown,Deepdown,North (Skagosi Clans),,0,0,0,0,0,0
,,,,,,,,,,
Cupps,Cupps,,Unknown,,2,2,2,0,0,0
,,,,,,,,,,
Cuy,Cuy of Sunhouse,Sunhouse,Reach,,2,2,1,1,0,0
,,,,,,,,,,
Dalt,Dalt of Lemonwood,Lemonwood,Dorne,,2,2,2,0,0,0
,,,,,,,,,,
Dargood,Dargood,,Crownlands,,0,0,0,0,0,0
,,,,,,,,,,
Darke,Darke,,Crownlands,,1,1,0,0,0,1
,,,,,,,,,,
Darklyn,Darklyn of Duskendale,Dun Fort,Crownlands,,6,6,0,2,0,4
,,,,,,,,,,
Darkwood,Darkwood,,Crownlands,,0,0,0,0,0,0
,,,,,,,,,,
Darry,Darry of Darry,Darry,Riverlands,,4,6,0,4,0,0
,,,,,,,,,,
Dayne,Dayne of Starfall,Starfall,Dorne,,6,6,2,2,1,1
,,,,,,,,,,
Deddings,Deddings,,Riverlands,,4,4,0,2,0,2
,,,,,,,,,,
Doggett,Doggett,,Westerlands,,0,0,0,0,0,0
,,,,,,,,,,
Dondarrion,Dondarrion of Blackhaven,Blackhaven,Stormlands (Marcher Lords),,4,4,0,1,0,3
,,,,,,,,,,
Donniger,Donniger,,Vale of Arryn,,0,0,0,0,0,0
,,,,,,,,,,
Drinkwater,Drinkwater,,Dorne,,1,1,1,0,0,0
,,,,,,,,,,
Drox,Drox,,Westerlands,,0,0,0,0,0,0
,,,,,,,,,,
Drumm,Drumm of Old Wyk,Old Wyk,Iron Islands,,7,7,5,2,0,0
,,,,,,,,,,
Dryland,Dryland of Hellgate Hall,Hellgate Hall,Dorne,,0,0,0,0,0,0
,,,,,,,,,,
Dunn,Dunn,,Reach,,0,0,0,0,0,0
,,,,,,,,,,
Durrandon,Durrandon,Storm's End,Stormlands,Ours is the Fury,2,2,0,2,0,0
,,,,,,,,,,
Durwell,Durwell,,Reach,,0,0,0,0,0,0
,,,,,,,,,,
Dustin,Dustin of Barrowton,Barrow Hall,North,,3,3,1,1,0,1
,,,,,,,,,,
Edgerton,Edgerton,,Crownlands,,0,0,0,0,0,0
,,,,,,,,,,
Egen,Egen,,Vale of Arryn,By Day or Night,1,1,0,1,0,0
,,,,,,,,,,
Elesham,Elesham of the Paps,Paps,Vale of Arryn,,0,0,0,0,0,0
,,,,,,,,,,
Erenford,Erenford,,Riverlands,,0,1,0,0,0,0
,,,,,,,,,,
Errol,Errol of Haystack Hall,Haystack Hall,Stormlands,,2,2,1,1,0,0
,,,,,,,,,,
Estermont,Estermont of Greenstone,Greenstone,Stormlands,,5,6,5,0,0,0
,,,,,,,,,,
Estren,Estren of Wyndhall,Wyndhall,Westerlands,,1,1,1,0,0,0
,,,,,,,,,,
Falwell,Falwell,,Westerlands,,0,0,0,0,0,0
,,,,,,,,,,
Farman,Farman of Faircastle,Faircastle,Westerlands,,2,3,1,0,0,1
,,,,,,,,,,
Farring,Farring,,Crownlands,,3,4,2,1,0,0
,,,,,,,,,,
Farrow,Farrow,,Unknown,,1,1,0,1,0,0
,,,,,,,,,,
Farwynd,Farwynd of Sealskin Point,Sealskin Point,Iron Islands,,5,5,5,0,0,0
,,,,,,,,,,
Fell,Fell of Felwood,Felwood,Stormlands,,3,3,0,2,0,1
,,,,,,,,,,
Fenn,Fenn,,North (Crannogmen),,0,0,0,0,0,0
,,,,,,,,,,
Ferren,Ferren,,Westerlands,,0,0,0,0,0,0
,,,,,,,,,,
Fisher,Fisher of the Misty Isle,Misty Isle,Riverlands,,0,0,0,0,0,0
,,,,,,,,,,
Flint,Flint of Widow's Watch,Widow's Watch,North,Ever Vigilant,8,8,4,4,0,0
,,,,,,,,,,
Florent,Florent of Brightwater Keep,Brightwater Keep,Reach,,10,16,6,3,0,1
,,,,,,,,,,
Follard,Follard,,Crownlands,None so Wise,2,2,1,1,0,0
,,,,,,,,,,
Foote,Foote of Nightsong,Nightsong,Stormlands (Marcher Lords),,1,1,1,0,0,0
,,,,,,,,,,
Footly,Footly of Tumbleton,Tumbleton,Reach,Tread Lightly Here,1,1,0,0,0,1
,,,,,,,,,,
Forrester,Forrester,Ironrath,North (Wolfswood Clans),,0,0,0,0,0,0
,,,,,,,,,,
Fossoway,Fossoway of Cider Hall,Cider Hall,Reach,A Taste of Glory,9,10,4,2,0,3
,,,,,,,,,,
Fowler,Fowler of Skyreach,Skyreach,Dorne,Let Me Soar,3,3,3,0,0,0
,,,,,,,,,,
Frey,Frey of the Crossing,Twins,Riverlands,,118,125,83,27,3,5
,,,,,,,,,,
Frost,Frost,,North,,0,0,0,0,0,0
,,,,,,,,,,
Gardener,Gardener of Highgarden,Highgarden,Reach,,4,4,0,3,0,1
,,,,,,,,,,
Gargalen,Gargalen of Salt Shore,Salt Shore,Dorne,,1,1,1,0,0,0
,,,,,,,,,,
Garner,Garner,,Westerlands,,0,0,0,0,0,0
,,,,,,,,,,
Gaunt,Gaunt,,Crownlands,,1,1,0,1,0,0
,,,,,,,,,,
Glover,Glover of Deepwood Motte,Deepwood Motte,North,,6,6,4,1,1,0
,,,,,,,,,,
Goodbrook,Goodbrook,,Riverlands,,5,5,4,1,0,0
,,,,,,,,,,
Goodbrother,Goodbrother of Orkmont,Orkmont,Iron Islands,,8,8,7,1,0,0
,,,,,,,,,,
Goode,Goode,,Unknown,,1,1,0,0,0,1
,,,,,,,,,,
Gower,Gower,,Stormlands,,1,1,1,0,0,0
,,,,,,,,,,
Graceford,Graceford of Holyhall,Holyhall,Reach,Work Her Will,1,1,1,0,0,0
,,,,,,,,,,
Grafton,Grafton of Gulltown,Gulltown,Vale of Arryn,,3,3,2,1,0,0
,,,,,,,,,,
Grandison,Grandison of Grandview,Grandview,Stormlands,Rouse Me Not,3,3,2,1,0,0
,,,,,,,,,,
Graves,Graves,,Reach,,0,0,0,0,0,0
,,,,,,,,,,
Greenfield,Greenfield of Greenfield,Greenfield,Westerlands,,2,2,1,1,0,0
,,,,,,,,,,
Greengood,Greengood,,North (Crannogmen),,0,0,0,0,0,0
,,,,,,,,,,
Greenhill,Greenhill,,Unknown,,1,1,1,0,0,0
,,,,,,,,,,
Greenwood,Greenwood,,North,,0,0,0,0,0,0
,,,,,,,,,,
Grell,Grell,,Riverlands,,1,1,1,0,0,0
,,,,,,,,,,
Grey,Grey,,Riverlands,,1,1,0,0,0,1
,,,,,,,,,,
Greyiron,Greyiron of Orkmont,Orkmont,Iron Islands,,2,2,0,2,0,0
,,,,,,,,,,
Greyjoy,Greyjoy of Pyke,Pyke,Iron Islands,We Do Not Sow,24,24,6,13,4,1
,,,,,,,,,,
Greystark,Greystark of the Wolf's Den,Wolf's Den,North,,0,0,0,0,0,0
,,,,,,,,,,
Grimm,Grimm of Greyshield,Grimston,Reach (Shield Islands),,2,2,1,0,0,1
,,,,,,,,,,
Haigh,Haigh,,Riverlands,,6,6,6,0,0,0
,,,,,,,,,,
Hamell,Hamell,,Westerlands,,0,0,0,0,0,0
,,,,,,,,,,
Harclay,Harclay,,North (Mountain Clans),,1,1,0,0,1,0
,,,,,,,,,,
Hardy,Hardy,,Crownlands (Crackclaw Point),,1,1,0,1,0,0
,,,,,,,,,,
Hardyng,Hardyng,,Vale of Arryn,,2,3,1,0,0,1
,,,,,,,,,,
Harroway,Harroway of Harrenhal,Harrenhal,Riverlands,,0,0,0,0,0,0
,,,,,,,,,,
Harte,Harte,,Crownlands,,2,2,1,0,0,0
,,,,,,,,,,
Hastwyck,Hastwyck,,Reach,None So Dutiful,0,0,0,0,0,0
,,,,,,,,,,
Hasty,Hasty,,Stormlands,,1,1,1,0,0,0
,,,,,,,,,,
Hawick,Hawick of Saltpans,Saltpans,Riverlands,,0,1,0,0,0,0
,,,,,,,,,,
Hawthorne,Hawthorne,,Westerlands,,0,0,0,0,0,0
,,,,,,,,,,
Hayford,Hayford of Hayford,Hayford,Crownlands,,2,2,1,0,0,1
,,,,,,,,,,
Heddle,Heddle,,Riverlands,,5,5,2,2,0,1
,,,,,,,,,,
Herston,Herston,,Stormlands,,0,0,0,0,0,0
,,,,,,,,,,
Hersy,Hersy of Newkeep,Newkeep,Vale of Arryn,,0,0,0,0,0,0
,,,,,,,,,,
Hetherspoon,Hetherspoon,,Westerlands,,2,2,1,1,0,0
,,,,,,,,,,
Hewett,Hewett of Oakenshield,Oakenshield Castle,Reach (Shield Islands),,2,2,1,1,0,0
,,,,,,,,,,
Hightower,Hightower of the Hightower,Hightower,Reach,We Light the Way,18,24,8,4,0,6
,,,,,,,,,,
Hoare,Hoare of Orkmont,Orkmont; Hoare Castle; Fairmarket; Harrenhal,Iron Islands (origin); Riverlands,,4,4,0,4,0,0
,,,,,,,,,,
Hogg,Hogg of Sow's Horn,Sow's Horn,Crownlands,,1,1,1,0,0,0
,,,,,,,,,,
Hollard,Hollard,,Crownlands,,5,5,0,5,0,0
,,,,,,,,,,
Holt,Holt,,North,,1,1,1,0,0,0
,,,,,,,,,,
Hook,Hook,,Riverlands,,0,0,0,0,0,0
,,,,,,,,,,
Hornwood,Hornwood of Hornwood,Hornwood,North,Righteous in Wrath,3,4,0,3,0,0
,,,,,,,,,,
Horpe,Horpe,,Stormlands,,1,1,1,0,0,0
,,,,,,,,,,
Hull,Hull,,Dorne,,0,0,0,0,0,0
,,,,,,,,,,
Humble,Humble,,Iron Islands,,4,4,3,1,0,0
,,,,,,,,,,
Hunt,Hunt,,Reach,,2,2,1,0,1,0
,,,,,,,,,,
Hunter,Hunter of Longbow Hall,Longbow Hall,Vale of Arryn,,4,5,3,1,0,0
,,,,,,,,,,
Hutcheson,Hutcheson,,Reach,,0,0,0,0,0,0
,,,,,,,,,,
Inchfield,Inchfield,,Reach,,2,2,1,0,0,1
,,,,,,,,,,
Ironmaker,Ironmaker,,Iron Islands,,4,4,4,0,0,0
,,,,,,,,,,
Ironsmith,Ironsmith,,North,,0,0,0,0,0,0
,,,,,,,,,,
Jast,Jast,,Westerlands,,2,2,2,0,0,0
,,,,,,,,,,
Jordayne,Jordayne of the Tor,Tor,Dorne,Let It Be Written,3,3,3,0,0,0
,,,,,,,,,,
Justman,Justman,,Riverlands,,0,0,0,0,0,0
,,,,,,,,,,
Karstark,Karstark of Karhold,Karhold,North,The Sun of Winter,8,8,5,3,0,0
,,,,,,,,,,
Keath,Keath,,Riverlands,,0,0,0,0,0,0
,,,,,,,,,,
Kellington,Kellington,,Stormlands,,0,0,0,0,0,0
,,,,,,,,,,
Kenning,Kenning of Kayce,Kayce,Westerlands,,3,3,2,1,0,0
,,,,,,,,,,
Kettleblack,Kettleblack,,Crownlands,,4,4,4,0,0,0
,,,,,,,,,,
Kidwell,Kidwell of Ivy Hall,Ivy Hall,Reach,,0,0,0,0,0,0
,,,,,,,,,,
Knott,Knott,,North (Mountain Clans),,0,0,0,0,0,0
,,,,,,,,,,
Kyndall,Kyndall,,Westerlands,,0,0,0,0,0,0
,,,,,,,,,,
Ladybright,Ladybright,,Dorne,,1,1,1,0,0,0
,,,,,,,,,,
Lake,Lake,,Dorne,,0,0,0,0,0,0
,,,,,,,,,,
Langward,Langward,,Crownlands,,0,0,0,0,0,0
,,,,,,,,,,
Lannett,Lannett,,Westerlands,,0,0,0,0,0,0
,,,,,,,,,,
Lannister,Lannister of Casterly Rock,Casterly Rock,Westerlands,Hear Me Roar!,32,36,14,9,2,7
,,,,,,,,,,
Lanny,Lanny,,Westerlands,,0,0,0,0,0,0
,,,,,,,,,,
Lantell,Lantell,,Westerlands,,0,0,0,0,0,0
,,,,,,,,,,
Leek,Leek,,Unknown,,1,1,1,0,0,0
,,,,,,,,,,
Lefford,Lefford of the Golden Tooth,Golden Tooth,Westerlands,,4,5,1,1,0,2
,,,,,,,,,,
Leygood,Leygood,,Reach,,1,1,0,0,0,1
,,,,,,,,,,
Liddle,Liddle,,North (Mountain Clans),,4,4,4,0,0,0
,,,,,,,,,,
Lightfoot,Lightfoot,,North,,0,0,0,0,0,0
,,,,,,,,,,
Lipps,Lipps,,Vale of Arryn,,0,0,0,0,0,0
,,,,,,,,,,
Locke,Locke of Oldcastle,Oldcastle,North,,3,4,1,2,0,0
,,,,,,,,,,
Lolliston,Lolliston,,Riverlands,,0,0,0,0,0,0
,,,,,,,,,,
Long,Long,,North,,1,1,1,0,0,0
,,,,,,,,,,
Longthorpe,Longthorpe of Longsister,Longsister,Vale of Arryn (Sistermen),,1,1,1,0,0,0
,,,,,,,,,,
Longwaters,Longwaters,,Crownlands,,1,1,1,0,0,0
,,,,,,,,,,
Lonmouth,Lonmouth,,Stormlands,The Choice Is Yours,2,2,0,1,0,1
,,,,,,,,,,
Lorch,Lorch,,Westerlands,,2,2,1,1,0,0
,,,,,,,,,,
Lothston,Lothston of Harrenhal,Harrenhal,Riverlands,,5,5,1,3,0,1
,,,,,,,,,,
Lowther,Lowther,,Reach,,0,0,0,0,0,0
,,,,,,,,,,
Lyberr,Lyberr,,Reach,,0,0,0,0,0,0
,,,,,,,,,,
Lychester,Lychester,Castle Lychester,Riverlands,,1,1,1,0,0,0
,,,,,,,,,,
Lydden,Lydden of Deep Den,Deep Den,Westerlands,,1,2,0,0,1,0
,,,,,,,,,,
Lynderly,Lynderly of Snakewood,Snakewood,Vale of Arryn,,2,2,2,0,0,0
,,,,,,,,,,
Magnar,Magnar of Kingshouse,Kingshouse,North (Skagosi Clans),,0,0,0,0,0,0
,,,,,,,,,,
Mallery,Mallery,,Crownlands,,1,1,0,1,0,0
,,,,,,,,,,
Mallister,Mallister of Seagard,Seagard,Riverlands,Above the Rest,6,6,3,1,0,2
,,,,,,,,,,
Manderly,Manderly of White Harbor,New Castle,North; Reach (formerly),,10,10,6,1,0,3
,,,,,,,,,,
Mandrake,Mandrake,,Unknown,,1,1,1,0,0,0
,,,,,,,,,,
Manning,Manning,,Crownlands,,0,0,0,0,0,0
,,,,,,,,,,
Manwoody,Manwoody of Kingsgrave,Kingsgrave,Dorne,,4,4,4,0,0,0
,,,,,,,,,,
Marbrand,Marbrand of Ashemark,Ashemark,Westerlands,Burning Bright,4,4,3,0,0,1
,,,,,,,,,,
Marsh,Marsh,,North,,1,1,1,0,0,0
,,,,,,,,,,
Martell,Martell of Sunspear,Sandship; Sunspear,Dorne,"Unbowed, Unbent, Unbroken",14,14,6,7,0,1
,,,,,,,,,,
Massey,Massey of Stonedance,Stonedance,Crownlands,,3,3,2,0,0,1
,,,,,,,,,,
Meadows,Meadows of Grassy Vale,Grassfield Keep,Reach,,1,2,1,0,0,0
,,,,,,,,,,
Melcolm,Melcolm of Old Anchor,Old Anchor,Vale of Arryn,,0,0,0,0,0,0
,,,,,,,,,,
Merlyn,Merlyn of Pebbleton,Pebbleton Tower,Iron Islands,,2,2,2,0,0,0
,,,,,,,,,,
Merryweather,Merryweather of Longtable,Longtable,Reach,Behold Our Bounty,4,4,4,0,0,0
,,,,,,,,,,
Mertyns,Mertyns of Mistwood,Mistwood,Stormlands,,2,2,1,1,0,0
,,,,,,,,,,
Middlebury,Middlebury,,Reach,,0,0,0,0,0,0
,,,,,,,,,,
Mollen,Mollen,,North,,1,1,0,0,1,0
,,,,,,,,,,
Moore,Moore,,Vale of Arryn,,1,1,0,1,0,0
,,,,,,,,,,
Mooton,Mooton of Maidenpool,Maidenpool,Riverlands,Wisdom and Strength,5,6,1,1,0,3
,,,,,,,,,,
Moreland,Moreland,,Westerlands,,1,1,1,0,0,0
,,,,,,,,,,
Mormont,Mormont of Bear Island,Mormont Keep,North,Here We Stand,9,9,7,2,0,0
,,,,,,,,,,
Morrigen,Morrigen of Crow's Nest,Crow's Nest,Stormlands,,4,4,2,1,0,1
,,,,,,,,,,
Moss,Moss,,North,,0,0,0,0,0,0
,,,,,,,,,,
Mudd,Mudd of Oldstones,Oldstones,Riverlands,,5,5,2,3,0,0
,,,,,,,,,,
Mullendore,Mullendore of Uplands,Uplands,Reach,,3,3,2,0,0,1
,,,,,,,,,,
Musgood,Musgood,,Stormlands,,1,1,0,1,0,0
,,,,,,,,,,
Myatt,Myatt,,Westerlands,,0,0,0,0,0,0
,,,,,,,,,,
Myre,Myre of Harlaw,Harlaw,Iron Islands,,2,2,2,0,0,0
,,,,,,,,,,
Nayland,Nayland of Hag's Mire,Hag's Mire,Riverlands,,2,2,1,0,0,1
,,,,,,,,,,
Netley,Netley,,Iron Islands,,0,0,0,0,0,0
,,,,,,,,,,
Norcross,Norcross,,Reach,,7,7,5,1,0,1
,,,,,,,,,,
Norrey,Norrey,,North (Mountain Clans),,2,2,2,0,0,0
,,,,,,,,,,
Norridge,Norridge,,Reach,,0,1,0,0,0,0
,,,,,,,,,,
Nute,Nute of Oakenshield,Oakenshield,Iron Islands (Shield Islands),,0,0,0,0,0,0
,,,,,,,,,,
Nutt,Nutt,,Riverlands,,0,0,0,0,0,0
,,,,,,,,,,
Oakheart,Oakheart of Old Oak,Old Oak,Reach,Our Roots Go Deep,6,6,3,2,0,1
,,,,,,,,,,
Oldflowers,Oldflowers,,Reach,,0,0,0,0,0,0
,,,,,,,,,,
Orkwood,Orkwood of Orkmont,Orkmont,Iron Islands,,1,1,1,0,0,0
,,,,,,,,,,
Orme,Orme,,Reach,,0,0,0,0,0,0
,,,,,,,,,,
Osgrey,Osgrey of Standfast,Standfast,Reach,,8,8,0,0,0,8
,,,,,,,,,,
Overton,Overton,,North,,0,0,0,0,0,0
,,,,,,,,,,
Paege,Paege,,Riverlands,,5,7,4,0,0,1
,,,,,,,,,,
Parren,Parren,,Westerlands,,0,0,0,0,0,0
,,,,,,,,,,
Payne,Payne,,Westerlands,,3,3,1,1,1,0
,,,,,,,,,,
Peake,Peake of Starpike,Starpike,Reach,,7,7,5,0,0,2
,,,,,,,,,,
Peasebury,Peasebury of Poddingfield,Poddingfield,Stormlands,,1,1,1,0,0,0
,,,,,,,,,,
Peat,Peat,,North (Crannogmen),,0,0,0,0,0,0
,,,,,,,,,,
Peckledon,Peckledon,,Westerlands,Unflinching,1,1,1,0,0,0
,,,,,,,,,,
Pemford,Pemford,,Riverlands,,1,1,0,1,0,0
,,,,,,,,,,
Penny,Penny,,Unknown,,2,2,2,0,0,0
,,,,,,,,,,
Penrose,Penrose of Parchments,Parchments,Stormlands,Set Down Our Deeds,2,3,0,1,0,1
,,,,,,,,,,
Perryn,Perryn,,Riverlands,,1,1,0,0,0,1
,,,,,,,,,,
Piper,Piper of Pinkmaiden,Pinkmaiden Castle,Riverlands,Brave and Beautiful,4,5,3,0,0,1
,,,,,,,,,,
Plumm,Plumm,,Westerlands,Come Try Me,8,8,5,2,0,1
,,,,,,,,,,
Pommingham,Pommingham,,Reach,,0,0,0,0,0,0
,,,,,,,,,,
Poole,Poole,,North,,2,2,1,1,0,0
,,,,,,,,,,
Potter,Potter,,Unknown,,1,1,1,0,0,0
,,,,,,,,,,
Prester,Prester of Feastfires,Feastfires,Westerlands,Tireless,2,2,2,0,0,0
,,,,,,,,,,
Pryor,Pryor of Pebble,Pebble,Vale of Arryn,,0,0,0,0,0,0
,,,,,,,,,,
Pyle,Pyle,,Crownlands,,0,0,0,0,0,0
,,,,,,,,,,
Pyne,Pyne,,Crownlands (Crackclaw Point),,0,0,0,0,0,0
,,,,,,,,,,
Qoherys,Qoherys of Harrenhal,Harrenhal,Riverlands,,0,0,0,0,0,0
,,,,,,,,,,
Qorgyle,Qorgyle of Sandstone,Sandstone,Dorne,,3,3,2,1,0,0
,,,,,,,,,,
Quagg,Quagg,,North (Crannogmen),,0,0,0,0,0,0
,,,,,,,,,,
Rambton,Rambton,,Crownlands,,1,1,0,1,0,0
,,,,,,,,,,
Redbeard,Redbeard,,North,,1,1,0,1,0,0
,,,,,,,,,,
Redding,Redding,,Reach,,0,0,0,0,0,0
,,,,,,,,,,
Redfort,Redfort of Redfort,Redfort,Vale of Arryn,As Strong as Stone,7,7,6,0,0,1
,,,,,,,,,,
Redwyne,Redwyne of the Arbor,Arbor,Reach,,10,12,8,2,0,0
,,,,,,,,,,
Reed,Reed of Greywater Watch,Greywater Watch,North (Crannogmen),,4,4,3,1,0,0
,,,,,,,,,,
Reyne,Reyne of Castamere,Castamere,Westerlands,,2,3,0,0,0,2
,,,,,,,,,,
Rhysling,Rhysling,,Reach,,1,1,0,0,0,1
,,,,,,,,,,
Risley,Risley,,Reach,,2,2,0,0,0,2
,,,,,,,,,,
Rogers,Rogers of Amberly,Amberly,Stormlands,,0,0,0,0,0,0
,,,,,,,,,,
Rollingford,Rollingford,,Crownlands,,0,0,0,0,0,0
,,,,,,,,,,
Roote,Roote of Lord Harroway's Town,Harroway Tower,Riverlands,,2,2,0,1,1,0
,,,,,,,,,,
Rosby,Rosby of Rosby,Rosby,Crownlands,,1,2,0,1,0,0
,,,,,,,,,,
Rowan,Rowan of Goldengrove,Goldengrove,Reach,,3,4,2,0,0,1
,,,,,,,,,,
Roxton,Roxton of the Ring,Ring,Reach,,1,1,0,0,0,1
,,,,,,,,,,
Royce,Royce of Runestone,Runestone,Vale of Arryn,We Remember,11,15,5,4,0,2
,,,,,,,,,,
Ruthermont,Ruthermont,,Vale of Arryn,,0,0,0,0,0,0
,,,,,,,,,,
Ruttiger,Ruttiger,,Westerlands,,1,1,1,0,0,0
,,,,,,,,,,
Ryder,Ryder of the Rills,Rills,North,,0,0,0,0,0,0
,,,,,,,,,,
Ryger,Ryger of Willow Wood,Willow Wood,Riverlands,,2,2,2,0,0,0
,,,,,,,,,,
Rykker,Rykker of Duskendale,Dun Fort,Crownlands,,2,2,1,1,0,0
,,,,,,,,,,
Ryswell,Ryswell of the Rills,Rills,North,,5,7,4,1,0,0
,,,,,,,,,,
Saltcliffe,Saltcliffe of Saltcliffe,Saltcliffe,Iron Islands,,1,1,1,0,0,0
,,,,,,,,,,
Santagar,Santagar of Spottswood,Spottswood,Dorne,,3,3,2,1,0,0
,,,,,,,,,,
Sarsfield,Sarsfield of Sarsfield,Sarsfield,Westerlands,True to the Mark,1,1,1,0,0,0
,,,,,,,,,,
Sawyer,Sawyer,,Unknown,,1,1,1,0,0,0
,,,,,,,,,,
Seaworth,Seaworth of Cape Wrath,Cape Wrath,Stormlands,,9,9,5,4,0,0
,,,,,,,,,,
Selmy,Selmy of Harvest Hall,Harvest Hall,Stormlands (Marcher Lords),,2,2,2,0,0,0
,,,,,,,,,,
Serrett,Serrett of Silverhill,Silverhill,Westerlands,I Have No Rival,1,1,0,0,1,0
,,,,,,,,,,
Serry,Serry of Southshield,Southshield,Reach (Shield Islands),,2,3,1,1,0,0
,,,,,,,,,,
Sharp,Sharp,,Iron Islands,,4,4,2,2,0,0
,,,,,,,,,,
Shawney,Shawney,,Riverlands,,1,1,0,0,0,1
,,,,,,,,,,
Shell,Shell,,Dorne,,0,0,0,0,0,0
,,,,,,,,,,
Shepherd,Shepherd,,Iron Islands,,1,1,1,0,0,0
,,,,,,,,,,
Shermer,Shermer of Smithyton,Smithyton,Reach,,0,0,0,0,0,0
,,,,,,,,,,
Shett,Shett of Gulltown,Gulltown,Vale of Arryn,,1,1,1,0,0,0
,,,,,,,,,,
Slate,Slate of Blackpool,Blackpool,North,,1,1,0,0,1,0
,,,,,,,,,,
Sloane,Sloane,,Reach,,0,0,0,0,0,0
,,,,,,,,,,
Slynt,Slynt of Harrenhal,Harrenhal,Crownlands (origin); Riverlands (deposed),,4,4,3,1,0,0
,,,,,,,,,,
Smallwood,Smallwood of Acorn Hall,Acorn Hall,Riverlands,From These Beginnings,7,7,3,2,0,2
,,,,,,,,,,
Sparr,Sparr of Great Wyk,Great Wyk,Iron Islands,,3,3,3,0,0,0
,,,,,,,,,,
Spicer,Spicer of Castamere,Castamere,Westerlands,,2,3,2,0,0,0
,,,,,,,,,,
Stackhouse,Stackhouse,,Reach,,1,1,0,0,0,1
,,,,,,,,,,
Stackspear,Stackspear,,Westerlands,,3,3,3,0,0,0
,,,,,,,,,,
Staedmon,Staedmon of Broad Arch,Broad Arch,Stormlands,,1,1,1,0,0,0
,,,,,,,,,,
Stane,Stane of Driftwood Hall,Driftwood Hall,North (Skagosi Clans),,0,0,0,0,0,0
,,,,,,,,,,
Stark,Stark of Winterfell,Winterfell,North,Winter is Coming,44,44,5,38,1,0
,,,,,,,,,,
Staunton,Staunton of Rook's Rest,Rook's Rest,Crownlands,,2,2,0,0,0,2
,,,,,,,,,,
Stokeworth,Stokeworth of Stokeworth,Stokeworth,Crownlands,Proud to Be Faithful,6,6,1,2,1,2
,,,,,,,,,,
Stonehouse,Stonehouse of Old Wyk,Old Wyk,Iron Islands,,2,2,2,0,0,0
,,,,,,,,,,
Stonetree,Stonetree of Harlaw,Harlaw,Iron Islands,,2,3,2,0,0,0
,,,,,,,,,,
Stout,Stout of Goldgrass,Goldgrass,North,,3,3,3,0,0,0
,,,,,,,,,,
Strickland,Strickland,,Unknown,,1,1,1,0,0,0
,,,,,,,,,,
Strong,Strong of Harrenhal,Harrenhal,Riverlands,,8,8,2,1,1,4
,,,,,,,,,,
Suggs,Suggs,,Unknown,,1,1,1,0,0,0
,,,,,,,,,,
Sunderland,Sunderland of the Three Sisters,Three Sisters,Vale of Arryn (Sistermen),,2,2,1,0,0,1
,,,,,,,,,,
Sunderly,Sunderly of Saltcliffe,Saltcliffe,Iron Islands,,1,2,1,0,0,0
,,,,,,,,,,
Sunglass,Sunglass of Sweetport Sound,Sweetport Sound,Crownlands (Dragonstone),,1,1,0,1,0,0
,,,,,,,,,,
Swann,Swann of Stonehelm,Stonehelm,Stormlands (Marcher Lords),,9,12,4,2,0,3
,,,,,,,,,,
Swyft,Swyft of Cornfield,Cornfield,Westerlands,Awake! Awake!,6,8,5,0,0,1
,,,,,,,,,,
Swygert,Swygert,,Stormlands,Truth Conquers,0,0,0,0,0,0
,,,,,,,,,,
Tallhart,Tallhart of Torrhen's Square,Torrhen's Square,North,Proud and Free,7,7,4,3,0,0
,,,,,,,,,,
Tarbeck,Tarbeck of Tarbeck Hall,Tarbeck Hall,Westerlands,,2,2,0,2,0,0
,,,,,,,,,,
Targaryen,Targaryen of King's Landing,Dragonstone; Red Keep; Summerhall,Crownlands,Fire and Blood,58,61,1,34,1,22
,,,,,,,,,,
Tarly,Tarly of Horn Hill,Horn Hill,Reach,First in Battle,8,8,6,0,0,2
,,,,,,,,,,
Tarth,Tarth of Evenfall Hall,Evenfall Hall,Stormlands,,7,7,2,4,0,1
,,,,,,,,,,
Tawney,Tawney of Orkmont,Orkmont,Iron Islands,,2,2,2,0,0,0
,,,,,,,,,,
Teague,Teague,,Riverlands,,0,0,0,0,0,0
,,,,,,,,,,
Templeton,Templeton of Ninestars,Ninestars,Vale of Arryn,,1,1,1,0,0,0
,,,,,,,,,,
Terrick,Terrick,,Riverlands,,0,0,0,0,0,0
,,,,,,,,,,
Thenn,Thenn,,North,,0,0,0,0,0,0
,,,,,,,,,,
Thorne,Thorne,,Crownlands,,2,2,0,0,1,1
,,,,,,,,,,
Toland,Toland of Ghost Hill,Ghost Hill,Dorne,,1,1,1,0,0,0
,,,,,,,,,,
Tollett,Tollett of the Grey Glen,Grey Glen,Vale of Arryn,When All is Darkest,2,2,2,0,0,0
,,,,,,,,,,
Torrent,Torrent of Littlesister,Littlesister,Vale of Arryn (Sistermen),,1,1,1,0,0,0
,,,,,,,,,,
Towers,Towers of Harrenhal,Harrenhal,Riverlands,,0,0,0,0,0,0
,,,,,,,,,,
Toyne,Toyne,,Stormlands,"Fly High, Fly Far",3,3,1,2,0,0
,,,,,,,,,,
Trant,Trant of Gallowsgrey,Gallowsgrey,Stormlands,So End Our Foes,0,0,0,0,0,0
,,,,,,,,,,
Tudbury,Tudbury,,Stormlands,,0,0,0,0,0,0
,,,,,,,,,,
Tully,Tully of Riverrun,Riverrun,Riverlands,"Family, Duty, Honor",8,10,2,3,0,3
,,,,,,,,,,
Turnberry,Turnberry,,Westerlands,,1,1,1,0,0,0
,,,,,,,,,,
Tyrell,Tyrell of Highgarden,Highgarden,Reach,Growing Strong,35,41,26,6,1,2
,,,,,,,,,,
Uffering,Uffering,,Reach,,1,1,0,0,0,1
,,,,,,,,,,
Uller,Uller of the Hellholt,Hellholt,Dorne,,2,2,2,0,0,0
,,,,,,,,,,
Umber,Umber of the Last Hearth,Last Hearth,North,,6,6,4,2,0,0
,,,,,,,,,,
Upcliff,Upcliff of the Witch Isle,Witch Isle,Vale of Arryn,,0,0,0,0,0,0
,,,,,,,,,,
Vaith,Vaith of the Red Dunes,Vaith,Dorne,,2,2,1,0,0,1
,,,,,,,,,,
Vance,Vance of Atranta,Atranta,Riverlands,,15,15,13,2,0,0
,,,,,,,,,,
Varner,Varner,,Reach,,1,1,1,0,0,0
,,,,,,,,,,
Velaryon,Velaryon of Driftmark,Driftmark; High Tide,Crownlands (Dragonstone),"The Old, the True, the Brave",11,11,1,3,0,7
,,,,,,,,,,
Vikary,Vikary,,Westerlands,,1,1,1,0,0,0
,,,,,,,,,,
Volmark,Volmark of Volmark,Volmark; Greenshield,Iron Islands (Shield Islands),,1,1,1,0,0,0
,,,,,,,,,,
Vypren,Vypren,,Riverlands,,3,4,3,0,0,0
,,,,,,,,,,
Vyrwel,Vyrwel of Darkdell,Darkdell,Reach,,1,1,1,0,0,0
,,,,,,,,,,
Wade,Wade,,Dorne,,0,0,0,0,0,0
,,,,,,,,,,
Wagstaff,Wagstaff,,Stormlands,,1,1,0,0,1,0
,,,,,,,,,,
Waterman,Waterman,,North,,0,0,0,0,0,0
,,,,,,,,,,
Waxley,Waxley of Wickenden,Wickenden,Vale of Arryn,Light in Darkness,1,1,1,0,0,0
,,,,,,,,,,
Wayn,Wayn,,Riverlands,,1,1,1,0,0,0
,,,,,,,,,,
Waynwood,Waynwood of Ironoaks,Ironoaks,Vale of Arryn,,7,9,4,2,0,1
,,,,,,,,,,
Weaver,Weaver,,Iron Islands,,1,1,1,0,0,0
,,,,,,,,,,
Webber,Webber of Coldmoat,Coldmoat,Reach,,5,5,0,0,0,5
,,,,,,,,,,
Wells,Wells,,North,,2,2,1,1,0,0
,,,,,,,,,,
Wendwater,Wendwater,,Crownlands,For All Seasons,0,0,0,0,0,0
,,,,,,,,,,
Wensington,Wensington,,Stormlands,Sound the Charge,0,0,0,0,0,0
,,,,,,,,,,
Westbrook,Westbrook,,Reach,,0,0,0,0,0,0
,,,,,,,,,,
Westerling,Westerling of the Crag,Crag,Westerlands,"Honor, not Honors",6,7,4,1,0,1
,,,,,,,,,,
Whent,Whent of Harrenhal,Harrenhal,Riverlands,,3,6,0,2,1,0
,,,,,,,,,,
Whitehead,Whitehead of the Weeping Town,Weeping Town,Stormlands,,0,0,0,0,0,0
,,,,,,,,,,
Whitehill,Whitehill of Highpoint,Highpoint,North,,0,0,0,0,0,0
,,,,,,,,,,
Willum,Willum,,Reach,,3,3,3,0,0,0
,,,,,,,,,,
Wode,Wode,,Riverlands,Touch Me Not,1,1,1,0,0,0
,,,,,,,,,,
Woodfoot,Woodfoot of Bear Island,Bear Island,North,,0,0,0,0,0,0
,,,,,,,,,,
Woods,Woods,,North (Wolfswood Clans),,1,1,1,0,0,0
,,,,,,,,,,
Woodwright,Woodwright,,Reach,,2,2,2,0,0,0
,,,,,,,,,,
Woolfield,Woolfield,,North,,0,1,0,0,0,0
,,,,,,,,,,
Wull,Wull,,North (Mountain Clans),,2,2,1,1,0,0
,,,,,,,,,,
Wydman,Wydman,,Vale of Arryn,Right Conquers Might,0,0,0,0,0,0
,,,,,,,,,,
Wyl,Wyl of the Boneway,Wyl,Dorne,,0,0,0,0,0,0
,,,,,,,,,,
Wylde,Wylde of Rain House,Rain House,Stormlands,,9,10,5,2,0,2
,,,,,,,,,,
Wynch,Wynch of Iron Holt,Iron Holt,Iron Islands,,2,2,1,1,0,0
,,,,,,,,,,
Wythers,Wythers,,Reach,,2,2,1,1,0,0
,,,,,,,,,,
Yarwyck,Yarwyck,,Westerlands,,1,1,1,0,0,0
,,,,,,,,,,
Yelshire,Yelshire,,Reach,,0,0,0,0,0,0
,,,,,,,,,,
Yew,Yew,,Westerlands,,1,1,1,0,0,0
,,,,,,,,,,
Yronwood,Yronwood of Yronwood,Yronwood,Dorne,We Guard the Way,6,6,4,2,0,0
